id_vendedor,nombre_vendedor,turno
VEN0001,Esteban José Carlos Cervantes,Tarde
VEN0002,Cristal Isabel Tamayo,Noche
VEN0003,Tomás Ocasio,Mañana
VEN0004,Gloria Mejía,Tarde
VEN0005,Timoteo Ojeda,Noche
VEN0006,Mariana Nieves,Mañana
VEN0007,Daniel Rodolfo Vera Bravo,Tarde
VEN0008,Josefina Carolina Galarza Altamirano,Noche
VEN0009,Sonia Razo Malave,Mañana
VEN0010,Lilia Saucedo Manzanares,Tarde
VEN0011,Luisa Leticia Maya Longoria,Noche
VEN0012,Luis Hugo Irizarry Mayorga,Mañana
VEN0013,Conchita Gonzales,Tarde
VEN0014,Elias Casares de Anda,Noche
VEN0015,Alfonso Naranjo,Mañana
VEN0016,Lic. David Niño,Tarde
VEN0017,Pascual Jaramillo Nazario,Noche
VEN0018,Sr. Zeferino Rolón,Mañana
VEN0019,Reynaldo Casárez,Tarde
VEN0020,Claudio Guardado,Noche
VEN0021,Débora Ariadna Zúñiga Villareal,Mañana
VEN0022,Úrsula Sessa Godínez Gallardo,Tarde
VEN0023,Mauro Juan Beltrán,Noche
VEN0024,Hernán Cabán Castellanos,Mañana
VEN0025,Marcos Julio César Jaramillo,Tarde
VEN0026,Francisco Uriel Chávez,Noche
VEN0027,Óscar Miramontes Quiroz,Mañana
VEN0028,Rubén Timoteo Santacruz de la Garza,Tarde
VEN0029,Francisco Javier Mario Rosario Carrillo,Noche
VEN0030,Ángel Pedroza Bañuelos,Mañana
