Anio,Mes,TotalVentas,Periodo
2024,1,305225.13,2024-01
2024,2,270887.75,2024-02
2024,3,307615.42,2024-03
2024,4,279501.18,2024-04
2024,5,299727.69,2024-05
2024,6,277061.9,2024-06
2024,7,299799.7,2024-07
2024,8,303445.0,2024-08
2024,9,297628.23,2024-09
2024,10,315680.14,2024-10
2024,11,279102.64,2024-11
2024,12,295425.86,2024-12
2025,1,294233.19,2025-01
2025,2,280901.32,2025-02
2025,3,304198.54,2025-03
2025,4,298735.17,2025-04
2025,5,310907.42,2025-05
2025,6,297745.05,2025-06
2025,7,298634.16,2025-07
2025,8,308021.93,2025-08
2025,9,302540.46,2025-09
2025,10,314431.54,2025-10
2025,11,275480.71,2025-11
2025,12,293833.43,2025-12
2026,1,301789.5,2026-01
2026,2,274369.67,2026-02
2026,3,352162.01,2026-03
2026,4,296356.96,2026-04
2026,5,303937.88,2026-05
2026,6,290135.27,2026-06
2026,7,296420.6,2026-07
2026,8,307965.06,2026-08
